video_id,title,channel_title,publish_date,category_id,tags,duration,viewCount,likeCount,commentCount
fTKqtvXjkvo&list=RDfTKqtvXjkvo&start_radio=1&pp=ygUOdHJlbmRpbmcgbXVzaWOgBwE%3D,Top Hits 2025 ~ Summer Playlist 2025 ~ Top Songs 2025 Trending Music üé∂üéß,Revive Music,3 months ago,,,,14000000,,
94XBcesxLWo&list=RD94XBcesxLWo&start_radio=1&pp=ygUOdHJlbmRpbmcgbXVzaWOgBwE%3D,AURA = ‚ôæÔ∏è | 1 HOUR VIRAL AURA MUSIC PLAYLIST 2025 üî• TRENDING PHONK HITS,EMPIRE PHONK,2 months ago,,,,9000000,,
ph-8t5vXGsE&list=RDph-8t5vXGsE&start_radio=1&pp=ygUOdHJlbmRpbmcgbXVzaWOgBwHSBwkJBgoBhyohjO8%3D,"Tyler, The Creator - Sugar On My Tongue (Lyrics)",Strain Music,3 months ago,,,,5600000,,
ko70cExuzZM&list=RDko70cExuzZM&start_radio=1&pp=ygUOdHJlbmRpbmcgbXVzaWOgBwE%3D,Taylor Swift - The Fate of Ophelia (Official Music Video),Taylor Swift,2 weeks ago,,,,76000000,,
rY2P7lHolMw&list=RDrY2P7lHolMw&start_radio=1&pp=ygUOdHJlbmRpbmcgbXVzaWOgBwHSBwkJBgoBhyohjO8%3D,"Billboard Pop Songs 2025 Playlist ‚ú®Ed Sheeran, The Weeknd, Bruno Mars, Rihanna, Sia, Adele, Dua Lipa",Top Song 2025,6 months ago,,,,4900000,,
FPyqVCoCDQk&list=RDFPyqVCoCDQk&start_radio=1&pp=ygUOdHJlbmRpbmcgbXVzaWOgBwE%3D,"Top Spotify Hits October 2025 üåû Summer Mix ‚Äì Sabrina Carpenter, Bruno Mars, Billie Eilish",Creature Chronicles: Wild,2 months ago,,,,1700000,,
qEOPqopV5nU&list=RDqEOPqopV5nU&start_radio=1&pp=ygUOdHJlbmRpbmcgbXVzaWOgBwE%3D,Spotify Playlist 2025 üå¥ Trending Music 2025 New Songs | Best Hits Mix of the Year,Dynamic Deep House,11 hours ago,,,,2400,,
vp2ZoXIFJfw&list=RDvp2ZoXIFJfw&start_radio=1&pp=ygUOdHJlbmRpbmcgbXVzaWOgBwE%3D,Top Hits 2025 ~ Top Music Playlist 2025 ~ Top Songs 2025 üé∂üéß,Revive Music,3 months ago,,,,1700000,,
pMOblGlvFuY&list=RDpMOblGlvFuY&start_radio=1&pp=ygUOdHJlbmRpbmcgbXVzaWOgBwE%3D,AURA = ‚ôæÔ∏è | 1 HOUR VIRAL AURA MUSIC PLAYLIST 2025 üî• TRENDING PHONK HITS,EMPIRE PHONK,3 weeks ago,,,,2600000,,
JxQ1_u9XYo4&list=RDJxQ1_u9XYo4&start_radio=1&pp=ygUOdHJlbmRpbmcgbXVzaWOgBwE%3D,sombr - back to friends (Lyrics),7clouds,4 months ago,,,,3500000,,
9PJdkadMkuk&list=RD9PJdkadMkuk&start_radio=1&pp=ygUOdHJlbmRpbmcgbXVzaWOgBwE%3D,Top Spotify Pop Hits ~Viral Songs 2025 ~ Best New Songs & Trending Playlist 2025,Dynamic Deep House,13 days ago,,,,171000,,
C0--vtuiluE&list=RDC0--vtuiluE&start_radio=1&pp=ygUOdHJlbmRpbmcgbXVzaWOgBwE%3D,Top music 2025 playlist ~ Trending tiktok songs ~ Best songs 2025 to add your playlist (Mix Hits),Song's With Dropped,Streamed 8 months ago,,,,380000,,
DuNTsMqFazI&list=RDDuNTsMqFazI&start_radio=1&pp=ygUOdHJlbmRpbmcgbXVzaWOgBwE%3D,Maan Pasand | Sid Mr Rapper - Sid Ki Begum (Official Video),Sid Mr. Rapper,13 hours ago,,,,496000,,
tPw8e49fBqo&list=RDtPw8e49fBqo&start_radio=1&pp=ygUOdHJlbmRpbmcgbXVzaWOgBwE%3D,Viral Songs Latest 2025~ Top Songs Spotify Mix ~  Trending Tiktok songs 2025 Playlist Mix Hits,CHILL WITH ME,2 weeks ago,,,,448000,,
wk8tH3Zjbiw&list=RDwk8tH3Zjbiw&start_radio=1&pp=ygUOdHJlbmRpbmcgbXVzaWOgBwE%3D,LEKE PHLA PHLA PYAAR | Slowed +Reverb | Lofi Song #lofi #trending #music,Itz Brothers Music,21 hours ago,,,,1400,,
6FewJvQDTmA&list=RD6FewJvQDTmA&start_radio=1&pp=ygUOdHJlbmRpbmcgbXVzaWOgBwE%3D,Co2,Prateek Kuhad,,,,,22000000,,
h1wPRrJls1I&list=RDh1wPRrJls1I&start_radio=1&pp=ygUOdHJlbmRpbmcgbXVzaWOgBwE%3D,Bloom,Prateek Kuhad,,,,,603000,,
6p572-y0TUM&list=RD6p572-y0TUM&start_radio=1&pp=ygUOdHJlbmRpbmcgbXVzaWOgBwE%3D,Caught Up (Slippy Remix),GRYFFIN,,,,,420000,,
9Q5NxUY17ao&list=RD9Q5NxUY17ao&start_radio=1&pp=ygUOdHJlbmRpbmcgbXVzaWOgBwHSBwkJBgoBhyohjO8%3D,"Comicstaan Title Track (From ""Comicstaan"")",RITVIZ,,,,,253000,,
DGqmtQNk5kk&list=RDDGqmtQNk5kk&start_radio=1&pp=ygUOdHJlbmRpbmcgbXVzaWOgBwE%3D,Caught Up (Vandelux Remix),GRYFFIN,,,,,298000,,
ekyALC2Pk0w&list=RDekyALC2Pk0w&start_radio=1&pp=ygUOdHJlbmRpbmcgbXVzaWOgBwHSBwkJBgoBhyohjO8%3D,Hotboii - Z What I Z (Official Video),H O T B O I I,8 months ago,,,,3300000,,
L13OySSpjeI&list=RDL13OySSpjeI&start_radio=1&pp=ygUOdHJlbmRpbmcgbXVzaWOgBwE%3D,ùêìùê´ùêûùêßùêùùê¢ùêßùê† ùê¨ùê®ùêßùê†ùê¨ ùê≠ùê°ùêöùê≠ ùêûùêØùêûùê´ùê≤ùê®ùêßùêû ùê•ùê¢ùê¨ùê≠ùêûùêßùê¨ ùêöùêßùêù ùê∞ùê¢ùê•ùê• ùê¶ùêöùê§ùêû ùê≤ùê®ùêÆ ùêùùêöùêßùêúùêû ùê•ùê¢ùê§ùêû ùêúùê´ùêöùê≥ùê≤ ùê± ùê≠ùê¢ùê¶ùêûùê¨ùê≠ùêöùê¶ùê©ùê¨,‚Å†‚ô°ùôèùôùùôö._.ùô¨ùô§ùô£ùôôùôöùôßùô°ùôñùô£ùôô‚Å†‚ô°,4 months ago,,,,5500000,,
3ihtcnPwkqI&list=RD3ihtcnPwkqI&start_radio=1&pp=ygUOdHJlbmRpbmcgbXVzaWOgBwE%3D,Acoustic songs 2025 üå∏ Music 2025 new songs with lyrics that last through love,Acoustic Radio,1 month ago,,,,1300000,,
d4OT-v2POqw&list=RDd4OT-v2POqw&start_radio=1&pp=ygUOdHJlbmRpbmcgbXVzaWOgBwE%3D,Trending Songs 2025 ~ Viral Hits Music | Spotify Pop Hits & Top Songs Collection,Dynamic Deep House,3 weeks ago,,,,175000,,
uRiB1tsFIkE&list=RDuRiB1tsFIkE&start_radio=1&pp=ygUOdHJlbmRpbmcgbXVzaWOgBwE%3D,KATSEYE - Gabriela (Lyrics),7clouds,2 months ago,,,,10000000,,
dY8_NUb2o68&list=RDdY8_NUb2o68&start_radio=1&pp=ygUOdHJlbmRpbmcgbXVzaWOgBwE%3D,Music Mix 2025 #113 Party Club Dance 2025 | Best Remixes Of Popular Songs 2025 MEGAMIX (DJ Silviu M),Dj Silviu M Official,1 day ago,,,,56000,,
16whabTqSkA&list=RD16whabTqSkA&start_radio=1&pp=ygUOdHJlbmRpbmcgbXVzaWOgBwE%3D,New OPM Trending 2025 Playlist Ô∏èüíóBest Of Wish 107.5 Song Playlist 2025 - OPM Tagalog Love Songs,OPM Wish 2025,5 months ago,,,,8000000,,
M8vcWjlN6OQ&list=RDM8vcWjlN6OQ&start_radio=1&pp=ygUOdHJlbmRpbmcgbXVzaWOgBwHSBwkJBgoBhyohjO8%3D,Omega 256 X Cindy Sanyu - See You Tonight (Official Video),Omega 256,2 months ago,,,,6100000,,
qDtaRJmCR-M&list=RDqDtaRJmCR-M&start_radio=1&pp=ygUOdHJlbmRpbmcgbXVzaWOgBwE%3D,Huntrix - Golden (Lyrics) - Top Hits Philippines 2025 üé∂ OPM Trending Mix | Best Tagalog Love Songs,Midnight Tears,1 month ago,,,,1000000,,
LiVeu9Tji7c&list=RDLiVeu9Tji7c&start_radio=1&pp=ygUOdHJlbmRpbmcgbXVzaWOgBwE%3D,Summer playlist 2025 üåà Best summer dance songs 2025 ~ Party songs 2025,Love Life Lyrics,5 months ago,,,,1400000,,
miMLHjWRoXw&list=RDmiMLHjWRoXw&start_radio=1&pp=ygUOdHJlbmRpbmcgbXVzaWOgBwE%3D,Viral Songs Latest 2025 ~Trending Songs 2025 ~ Top Spotify Mix ~ Pop Hits Playlist,Dynamic Deep House,2 weeks ago,,,,41000,,
v-Wv0r0QIHM&list=RDv-Wv0r0QIHM&start_radio=1&pp=ygUOdHJlbmRpbmcgbXVzaWOgBwE%3D,KAPATI - Alien skin X Sandra NAXX (official Music Video),Alien Skin OFFICIAL,3 months ago,,,,4200000,,
ph-8t5vXGsE&list=RDph-8t5vXGsE&start_radio=1&pp=ygUOdHJlbmRpbmcgbXVzaWOgBwE%3D,"Tyler, The Creator - Sugar On My Tongue (Lyrics)",Strain Music,3 months ago,,,,5600000,,
VTbo8E8es9A&list=RDVTbo8E8es9A&start_radio=1&pp=ygUOdHJlbmRpbmcgbXVzaWOgBwE%3D,Mbosso - Pawa (Official Music Video),Mbosso,4 months ago,,,,41000000,,
lTI1OpZw6rI&list=RDlTI1OpZw6rI&start_radio=1&pp=ygUOdHJlbmRpbmcgbXVzaWOgBwE%3D,Wesibadde - Sheebah (Official Visualizer),Sheebah,3 weeks ago,,,,1400000,,
ddk_25wr1pc&list=RDddk_25wr1pc&start_radio=1&pp=ygUOdHJlbmRpbmcgbXVzaWOgBwE%3D,Marioo - Dunia (Clip Officiel),MariooOfficial,2 months ago,,,,6500000,,
bSjiOqCqNuQ&list=RDbSjiOqCqNuQ&start_radio=1&pp=ygUOdHJlbmRpbmcgbXVzaWOgBwE%3D,Nashie Zim ft Nyasha David KUNGE NGIROZI (official Music Video),Nashie Zim,3 weeks ago,,,,903000,,
efkTKch20sE&list=RDefkTKch20sE&start_radio=1&pp=ygUOdHJlbmRpbmcgbXVzaWOgBwE%3D,Oriyano - Kamubhoga ft Sunshine (official video),Oriyano Official,3 months ago,,,,3200000,,
756YdTT-WJ0&list=RD756YdTT-WJ0&start_radio=1&pp=ygUOdHJlbmRpbmcgbXVzaWOgBwE%3D,"Goon Flavour, Master KG & Eemoh - Ngishutheni (Official Music Video)",Wanitwa Mos Entertainment,5 months ago,,,,73000000,,
-MVC093fIwo&list=RD-MVC093fIwo&start_radio=1&pp=ygUOdHJlbmRpbmcgbXVzaWOgBwE%3D,Key Glock - She Ready (Official Music Video),Key Glock,1 month ago,,,,7400000,,
slzc_Ye1z5I&list=RDslzc_Ye1z5I&start_radio=1&pp=ygUOdHJlbmRpbmcgbXVzaWOgBwHSBwkJBgoBhyohjO8%3D,Wanula Rmx  - Temperature Touch X Ava Peace (Official Video) 4K,Temperature Touch,6 months ago,,,,6500000,,
BclvXp0t-G0&list=RDBclvXp0t-G0&start_radio=1&pp=ygUOdHJlbmRpbmcgbXVzaWOgBwE%3D,Kehlani - Folded (Lyrics),7clouds R&B,4 months ago,,,,8199999,,
pqVQpOby0VA&list=RDpqVQpOby0VA&start_radio=1&pp=ygUOdHJlbmRpbmcgbXVzaWOgBwE%3D,Davido - With You ft. Omah Lay (Visualizer),life + lyrics,5 months ago,,,,26000000,,
nt5tXl9Vtug&list=RDnt5tXl9Vtug&start_radio=1&pp=ygUOdHJlbmRpbmcgbXVzaWOgBwE%3D,Shubh - Balenci (Official Music Video),SHUBH,1 month ago,,,,23000000,,
_CYy--ZOwL8&list=RD_CYy--ZOwL8&start_radio=1&pp=ygUOdHJlbmRpbmcgbXVzaWOgBwE%3D,Best New Tagalog Love Songs 2025 - Hot Hits OPM On Spotify | You'll Be In My Heart - Niki,Midnight Tears,5 months ago,,,,3500000,,
QH5YH8LDlIc&list=RDQH5YH8LDlIc&start_radio=1&pp=ygUOdHJlbmRpbmcgbXVzaWOgBwE%3D,Gunna - Won't Stop [Official Video],Gunna,3 months ago,,,,7800000,,
ct2dGdQA9mI&list=RDct2dGdQA9mI&start_radio=1&pp=ygUOdHJlbmRpbmcgbXVzaWOgBwE%3D,That's What Friends Are For - Dionne Warwick | Lyricsüéµ #trending #lyrics #dionnewarwick,Yoonah The Explorer üéí,2 years ago,,,,15000000,,
eOAEpMOo-pA&list=RDeOAEpMOo-pA&start_radio=1&pp=ygUOdHJlbmRpbmcgbXVzaWOgBwE%3D,Skusta Clee - Kalimutan Ka (Official Music Video),Skusta Clee TV,8 months ago,,,,115000000,,
IRMmpzCsyWA&list=RDIRMmpzCsyWA&start_radio=1&pp=ygUOdHJlbmRpbmcgbXVzaWOgBwE%3D,Edwin McCain - I'll Be (Lyrics),7clouds Rock,3 months ago,,,,15000000,,
n2dVFdqMYGA&list=RDn2dVFdqMYGA&start_radio=1&pp=ygUOdHJlbmRpbmcgbXVzaWOgBwE%3D,"Sahiba (Official Music Video) : Aditya Rikhari, Ankita Chhetri | T-Series",T-Series,1 year ago,,,,149000000,,
Pozk2fI6CGE&list=RDPozk2fI6CGE&start_radio=1&pp=ygUOdHJlbmRpbmcgbXVzaWOgBwE%3D,DABABY - SAVE ME (OFFICIAL VIDEO),DaBaby,1 month ago,,,,2100000,,
GJZAcj4P99g&list=RDGJZAcj4P99g&start_radio=1&pp=ygUOdHJlbmRpbmcgbXVzaWOgBwE%3D,"Onam Mood | Sahasam | Fejo | Ramzan, Gouri Kishan | Bibin Ashok | Vinayak | Bibin Krishna",Saregama Malayalam,3 months ago,,,,36000000,,
ztnoMk9l81Y&list=RDztnoMk9l81Y&start_radio=1&pp=ygUOdHJlbmRpbmcgbXVzaWOgBwE%3D,Alvin Emanie - Bestie (official music video),Zero53music and Alvin Emanie,2 months ago,,,,1300000,,
OpztRxZpcYY&list=RDOpztRxZpcYY&start_radio=1&pp=ygUOdHJlbmRpbmcgbXVzaWOgBwE%3D,MORNING OPM SONG : Best of the 80's 90's OPM Classic Love Songs (Lyrics),Rose Love Song,6 months ago,,,,5100000,,
Ds-c9wvvxYo&list=RDDs-c9wvvxYo&start_radio=1&pp=ygUOdHJlbmRpbmcgbXVzaWOgBwE%3D,Restless Heart - When She Cries (Lyrics),TikTokHymn,1 year ago,,,,11000000,,
Gt8-xhZceaU&list=RDGt8-xhZceaU&start_radio=1&pp=ygUOdHJlbmRpbmcgbXVzaWOgBwE%3D,Top Hits Spotify 2025 ~ Trending Songs 2025 üéµ Viral Songs Latest & New Pop Hits Playlist Mix 2025,Dynamic Deep House,7 days ago,,,,273000,,
r4A8Ia9ynFY&list=RDr4A8Ia9ynFY&start_radio=1&pp=ygUOdHJlbmRpbmcgbXVzaWOgBwE%3D,SHERIYA,ARJN,,,,,7000000,,
lU_8CMrzB7s&list=RDlU_8CMrzB7s&start_radio=1&pp=ygUOdHJlbmRpbmcgbXVzaWOgBwE%3D,Batmana Ansak (Remix) | New Trend Music Instagram,Planet Music,5 months ago,,,,12000000,,
1Wt9UUQ91g0&list=RD1Wt9UUQ91g0&start_radio=1&pp=ygUOdHJlbmRpbmcgbXVzaWOgBwE%3D,Chill Acoustic Music 2025 New Songs with Lyrics üíñ Enjoy English Acoustic Songs Tune into Joyful,Acoustic Radio,6 months ago,,,,588000,,
NNBpEVsvCcA&list=RDNNBpEVsvCcA&start_radio=1&pp=ygUOdHJlbmRpbmcgbXVzaWOgBwE%3D,Rema - KELEBU (Official Dance Video),Rema,1 month ago,,,,5200000,,
7GblGYj2LOU&list=RD7GblGYj2LOU&start_radio=1&pp=ygUOdHJlbmRpbmcgbXVzaWOgBwHSBwkJBgoBhyohjO8%3D,Mugs - New York  (Official Music Video),mugs,2 months ago,,,,456000,,
7adDm9YACpE&list=RD7adDm9YACpE&start_radio=1&pp=ygUOdHJlbmRpbmcgbXVzaWOgBwE%3D,"Davido - Funds (Official Video) ft. ODUMODUBLVCK, Chike",Davido,10 months ago,,,,25000000,,
wk-Db1DzqfE&list=RDwk-Db1DzqfE&start_radio=1&pp=ygUOdHJlbmRpbmcgbXVzaWOgBwE%3D,Dahaa Theme | Coolie | Superstar Rajinikanth | Amir Khan | Lokesh | Anirudh | Sun Pictures,Sun TV,1 month ago,,,,10000000,,
o8xFMkVc9gw&list=RDo8xFMkVc9gw&start_radio=1&pp=ygUOdHJlbmRpbmcgbXVzaWOgBwE%3D,Teejay - phenomenal (Official Video),Teejay,5 months ago,,,,7000000,,
qhWumfuhf8w&list=RDqhWumfuhf8w&start_radio=1&pp=ygUOdHJlbmRpbmcgbXVzaWOgBwE%3D,"Best OPM Rap Love Songs 2025 üíò IMMA FLIRT ‚Äì Nateman, Lucky | Top Spotify Hits Philippines",Midnight Tears,3 months ago,,,,1500000,,
_ubIpFG0JZc&list=RD_ubIpFG0JZc&start_radio=1&pp=ygUOdHJlbmRpbmcgbXVzaWOgBwE%3D,Viral songs latest ~ Top Songs Spotify 2025 - Trending Tiktok songs 2025 (Playlist Mix Hits),Melody Chill Mix,3 months ago,,,,1100000,,
uCTzC3y4kbU&list=RDuCTzC3y4kbU&start_radio=1&pp=ygUOdHJlbmRpbmcgbXVzaWOgBwE%3D,MATATA ft. BIEN - MPISHI  [Official Music Video],MATATA OFFICIAL,5 months ago,,,,13000000,,
MrUqwxLMjfA&list=RDMrUqwxLMjfA&start_radio=1&pp=ygUOdHJlbmRpbmcgbXVzaWOgBwE%3D,"Skusta Clee Greatest Hits 2025: Kalimutan Ka, Zebbiana, Dyosa, Dance With You- OPM Trending Playlist",Midnight Tears,4 months ago,,,,1700000,,
p0611evjMZ8&list=RDp0611evjMZ8&start_radio=1&pp=ygUOdHJlbmRpbmcgbXVzaWOgBwE%3D,VEDO - Fine Shyt (Lyrics),Tik Top Vibes,4 months ago,,,,1700000,,
_Wg7LWQ-uZc&pp=ygUOdHJlbmRpbmcgbXVzaWM%3D,TIKTOK DANCE MASHUP 2025 | Trending Dance Compilation - SEPTEMBER 2025 | Part 1  #tiktok #dance,CHALA VIDZ,1 month ago,,,,3300000,,
mNuXczFSvdY&list=RDmNuXczFSvdY&start_radio=1&pp=ygUOdHJlbmRpbmcgbXVzaWOgBwE%3D,"Thudarum - Pemari Video Song | Mohanlal, Shobana | Jakes Bejoy | Tharun Moorthy | M Renjith",Sony Music South,3 months ago,,,,11000000,,
xLgRlJSgMh4&list=RDxLgRlJSgMh4&start_radio=1&pp=ygUOdHJlbmRpbmcgbXVzaWOgBwHSBwkJBgoBhyohjO8%3D,Top songs 2024 üç∞ Best trending music 2024 ~ Songs that make you dance,Love Life Lyrics,1 year ago,,,,121000,,
gKD1AhmpOoU&list=RDgKD1AhmpOoU&start_radio=1&pp=ygUOdHJlbmRpbmcgbXVzaWOgBwE%3D,"ISHQ - Faheem Abdullah, Rauhan Malik (Lyrics) | #trending",Axjuu,1 year ago,,,,52000000,,
xenxGqXfoKU&list=RDxenxGqXfoKU&start_radio=1&pp=ygUOdHJlbmRpbmcgbXVzaWOgBwE%3D,"OPM Trending 2025 - Cup Of Joe Live at Cozy Cove üé∂ Multo, Tingin, Misteryoso - Tagalog Love Songs",Midnight Tears,4 months ago,,,,1600000,,
s2oWPO2VIiE&list=RDs2oWPO2VIiE&start_radio=1&pp=ygUOdHJlbmRpbmcgbXVzaWOgBwHSBwkJBgoBhyohjO8%3D,Trending songs 2025 ~ Top hits Spotify 2025 ~ Songs to add your playlist (Mix Hits),Melody Chill Mix,6 months ago,,,,2300000,,
1EF0VOd3WGA&list=RD1EF0VOd3WGA&start_radio=1&pp=ygUOdHJlbmRpbmcgbXVzaWOgBwE%3D,Doechii - Anxiety (Lyrics),Vibe Music,7 months ago,,,,75000000,,
AYWSmmwdN2A&list=RDAYWSmmwdN2A&start_radio=1&pp=ygUOdHJlbmRpbmcgbXVzaWOgBwHSBwkJBgoBhyohjO8%3D,Saksi Ang Langit - December Avenue | Best New Tagalog Love Songs 2025 - Hot Hits OPM Trending,Midnight Tears,4 months ago,,,,4900000,,
dpaXZ6rhhpA&list=RDdpaXZ6rhhpA&start_radio=1&pp=ygUOdHJlbmRpbmcgbXVzaWOgBwE%3D,Hot Hits Philippines - MULTO | Best of Wish 107.5 Songs Playlist | OPM Trending 2025,OPM Wish 2025,3 weeks ago,,,,310000,,
--nU64s2y6g&list=RD--nU64s2y6g&start_radio=1&pp=ygUOdHJlbmRpbmcgbXVzaWOgBwE%3D,"Best OPM Rap Songs 2025: Gotchu - Flow G, Imma Flirt - Nateman,.. | Top Spotify Hits Philippines",Midnight Tears,1 month ago,,,,478000,,
WXPfcRnz9Z8&list=RDWXPfcRnz9Z8&start_radio=1&pp=ygUOdHJlbmRpbmcgbXVzaWOgBwE%3D,Trending - Dei V (Official Video),Dei V,2 years ago,,,,20000000,,
nON3ZmCQRxE&list=RDnON3ZmCQRxE&start_radio=1&pp=ygUOdHJlbmRpbmcgbXVzaWOgBwHSBwkJBgoBhyohjO8%3D,Rashley - Nafe (Official Music Video),Rashley mw,1 month ago,,,,489000,,
yImDbc7wf5A&list=RDyImDbc7wf5A&start_radio=1&pp=ygUOdHJlbmRpbmcgbXVzaWOgBwHSBwkJBgoBhyohjO8%3D,üåô Top 20 OPM Viral Songs on Spotify 2025 | OPM Heartfelt Hits Playlist | You'll Be In My Heart,Midnight Tears,6 months ago,,,,1200000,,
oK7x2DELuo0&list=RDoK7x2DELuo0&start_radio=1&pp=ygUOdHJlbmRpbmcgbXVzaWOgBwE%3D,BEST VIRAL TIKTOK DISCO PARTY 2025 - DJ JOHNREY DISCO REMIX,Dj Johnrey Masbate Remix,3 weeks ago,,,,942000,,
x5bCzePb1Cs&list=RDx5bCzePb1Cs&start_radio=1&pp=ygUOdHJlbmRpbmcgbXVzaWOgBwE%3D,Top Hits OPM On Spotify 2025 - OPM Trending- Tagalog Love Songs Playlist: Kalimutan Ka - Skusta Clee,Midnight Tears,6 months ago,,,,4700000,,
-VmLucfN8PQ&list=RD-VmLucfN8PQ&start_radio=1&pp=ygUOdHJlbmRpbmcgbXVzaWOgBwE%3D,Tiktok songs 2025 üçÑ Best tiktok songs 2025 ~ Trending song latest,Love Poem,7 months ago,,,,3800000,,
yP3qfwjiMpM&list=RDyP3qfwjiMpM&start_radio=1&pp=ygUOdHJlbmRpbmcgbXVzaWOgBwE%3D,Top OPM Hits Philippines 2025 üé∂ July Trending Mix | Best Tagalog Songs on Spotify & YouTube,Midnight Tears,3 months ago,,,,1500000,,
CneU-LKeLfY&list=RDCneU-LKeLfY&start_radio=1&pp=ygUOdHJlbmRpbmcgbXVzaWOgBwE%3D,Bandit 7teen - Pain (Official Music Video),Bandit7teenVEVO,3 weeks ago,,,,459000,,
9qfjsMebZhM&list=RD9qfjsMebZhM&start_radio=1&pp=ygUOdHJlbmRpbmcgbXVzaWOgBwHSBwkJBgoBhyohjO8%3D,üéß Tensionado ‚Äì Soapdish üíñ OPM Trending 2025 Playlist | Best Tagalog Love Songs & Spotify Hits PH üáµüá≠,Midnight Tears,11 days ago,,,,107000,,
LzuoKSzOIEQ&list=RDLzuoKSzOIEQ&start_radio=1&pp=ygUOdHJlbmRpbmcgbXVzaWOgBwE%3D,Flow G - GOTCHU (Official Music Video),FLOW G,2 months ago,,,,11000000,,
UP_sOofoRic&list=RDUP_sOofoRic&start_radio=1&pp=ygUOdHJlbmRpbmcgbXVzaWOgBwHSBwkJBgoBhyohjO8%3D,Reggae Music Mix 2025 üé∏ New Reggae Love Songs üîî All Time Favorite Reggae Songs 2025,Peaceful Music Hub,6 months ago,,,,3700000,,
mrQwjSLkcu0&list=RDmrQwjSLkcu0&start_radio=1&pp=ygUOdHJlbmRpbmcgbXVzaWOgBwHSBwkJBgoBhyohjO8%3D,(Top 1 Viral) OPM Acoustic Love Songs 2025 Playlist üíó Best Of Wish 107.5 Song Playlist 2025,OPM Wish 2025,13 days ago,,,,171000,,
b-edELakp_8&list=RDb-edELakp_8&start_radio=1&pp=ygUOdHJlbmRpbmcgbXVzaWOgBwE%3D,üé∂ Hot Hits Philippines 2025 September Mix üíñ OPM Trending Songs | Top Spotify Playlist PH üáµüá≠,Midnight Acoustic,3 weeks ago,,,,174000,,
AYWSmmwdN2A&list=RDAYWSmmwdN2A&start_radio=1&pp=ygUOdHJlbmRpbmcgbXVzaWOgBwE%3D,Saksi Ang Langit - December Avenue | Best New Tagalog Love Songs 2025 - Hot Hits OPM Trending,Midnight Tears,4 months ago,,,,4900000,,
RPIykhz53-E&list=RDRPIykhz53-E&start_radio=1&pp=ygUOdHJlbmRpbmcgbXVzaWOgBwE%3D,TOXIC LYRIKALI - BACKBENCHER (Official Video),Toxic Lyrikali,3 months ago,,,,8500000,,
s2oWPO2VIiE&list=RDs2oWPO2VIiE&start_radio=1&pp=ygUOdHJlbmRpbmcgbXVzaWOgBwE%3D,Trending songs 2025 ~ Top hits Spotify 2025 ~ Songs to add your playlist (Mix Hits),Melody Chill Mix,6 months ago,,,,2300000,,
tGna9DyUKU4&list=RDtGna9DyUKU4&start_radio=1&pp=ygUOdHJlbmRpbmcgbXVzaWOgBwE%3D,TOP MALAYALAM REMIXES & MASHUPS 2025 ü•µ| Ultimate Party x Workout Playlist üî•| 100% VIBE | DeXterDuke,DeXterDuke,1 month ago,,,,966000,,
-HKgi33y1rQ&list=RD-HKgi33y1rQ&start_radio=1&pp=ygUOdHJlbmRpbmcgbXVzaWOgBwE%3D,Spoiler 4T3 - Skele Woo (Official Music Video) Prod Soundkraft,SPOILER 4T3,1 year ago,,,,4800000,,
Db63h6RQEbE&list=RDDb63h6RQEbE&start_radio=1&pp=ygUOdHJlbmRpbmcgbXVzaWOgBwE%3D,Best songs that make you dance 2024 üçß Dance playlist 2024 ~ Songs to sing & dance,Love Life Lyrics,1 year ago,,,,2800000,,
seQpPr_bQvI&list=RDseQpPr_bQvI&start_radio=1&pp=ygUOdHJlbmRpbmcgbXVzaWOgBwE%3D,"Nandito Ako - Rob Deniel, Multo, Alipin | Top Trending OPM Love Songs 2025 üé∂ Tagalog Romantic Hits",Midnight Acoustic,5 days ago,,,,72000,,
MWkIxYtB8Ag&pp=ygUOdHJlbmRpbmcgbXVzaWM%3D,"Trader's Lofi Jazz - Calm & Rich Jazz Music for Trading Session, Work, Study, Focus, Coding, Sleep",Musictag,3 years ago,,,,4500000,,
zbHEz2G1FbY&list=RDzbHEz2G1FbY&start_radio=1&pp=ygUOdHJlbmRpbmcgbXVzaWOgBwE%3D,"OPM Trending 2025 üéß Most Played Tagalog Songs | Spotify Viral Mix PH | Saksi Ang Langit, Multo",Midnight Tears,1 month ago,,,,727000,,
t9QUp5sZua4&list=RDt9QUp5sZua4&start_radio=1&pp=ygUOdHJlbmRpbmcgbXVzaWOgBwE%3D,"KENDI KIREMI - CONFIRM REMIX FT ALL STARS ,FATHERMOH,SSARU,AVRIL,PARROTY VUNULU.[OFFICIAL VIDEO]",KENDI KIREMI MUSIC,2 months ago,,,,1600000,,
ihmxdiLX-rY&list=RDihmxdiLX-rY&start_radio=1&pp=ygUOdHJlbmRpbmcgbXVzaWOgBwE%3D,Best Acoustic Music 2025 New Songs üíñ Romantic English Songs with Lyrics üíñ Soft & Sweet Vibes,Acoustic Radio,5 days ago,,,,95000,,
PO3X7rXEPew&list=RDPO3X7rXEPew&start_radio=1&pp=ygUOdHJlbmRpbmcgbXVzaWOgBwE%3D,RELAXING REGGAE MUSIC MIX 2025 üé∏ NEW REGGAE LOVE SONGS 2025 üîî ALL TIME FAVORITE REGGAE SONGS 2025,Reggae Love Songs,6 days ago,,,,156000,,
rK5TyISxZ_M&list=RDrK5TyISxZ_M&start_radio=1&pp=ygUOdHJlbmRpbmcgbXVzaWOgBwE%3D,RAYE - WHERE IS MY HUSBAND! (Official Music Video),RAYE,1 month ago,,,,15000000,,
i7FdszAnyq0&list=RDi7FdszAnyq0&start_radio=1&pp=ygUOdHJlbmRpbmcgbXVzaWOgBwE%3D,HUVINA BANADANTE YARIGU KANADANTE NEW INSTAGRAM TRENDING SONG | EDM DROP MIX HLT BS|‚Ä¢,DJ HARISH HLT,1 month ago,,,,1100000,,
nWjpA4Nbpe8&list=RDnWjpA4Nbpe8&start_radio=1&pp=ygUOdHJlbmRpbmcgbXVzaWOgBwE%3D,Top OPM Songs Philippines 2025 üéß Saranggola - Ben & Ben | Best Tagalog Hits on Spotify & YouTube,Midnight Tears,2 months ago,,,,2000000,,
XvdasfwU3pE&list=RDXvdasfwU3pE&start_radio=1&pp=ygUOdHJlbmRpbmcgbXVzaWOgBwHSBwkJBgoBhyohjO8%3D,üåü OPM Trending Music 2025 üéß Best Tagalog Love Songs | Hot Hits Philippines September 2025  #cupofjoe,Midnight Tears,1 month ago,,,,469000,,
CX5aTbXZGUg&list=RDCX5aTbXZGUg&start_radio=1&pp=ygUOdHJlbmRpbmcgbXVzaWOgBwHSBwkJBgoBhyohjO8%3D,Ishq Hela Saajna | New Odia Song 2025 | Odia Romantic Song | Humane Sagar & Suchismita,Prapti Creations,1 day ago,,,,5600,,
Kg-HxUCBgvg&list=RDKg-HxUCBgvg&start_radio=1&pp=ygUOdHJlbmRpbmcgbXVzaWOgBwE%3D,TikTok Trending Music 2025 ~ Viral Songs Playlist Mix ~ Top Hits 20 Us-Uk Music Mix 2025 ~,CHILL WITH ME,12 hours ago,,,,397,,
Ra1yHDcJygY&list=RDRa1yHDcJygY&start_radio=1&pp=ygUOdHJlbmRpbmcgbXVzaWOgBwE%3D,FOLA - you (Official Video),FOLA,2 months ago,,,,5100000,,
xLgRlJSgMh4&list=RDxLgRlJSgMh4&start_radio=1&pp=ygUOdHJlbmRpbmcgbXVzaWOgBwE%3D,Top songs 2024 üç∞ Best trending music 2024 ~ Songs that make you dance,Love Life Lyrics,1 year ago,,,,121000,,
C1e2dY1ia10&list=RDC1e2dY1ia10&start_radio=1&pp=ygUOdHJlbmRpbmcgbXVzaWOgBwE%3D,Rest In Peace Tinga [R.I.P Raila] - Dickens Derick (Raila Tribute Song),Dickens Derick Official [Double D Empireüëë],6 days ago,,,,202000,,
E29xtoPvx2o&list=RDE29xtoPvx2o&start_radio=1&pp=ygUOdHJlbmRpbmcgbXVzaWOgBwE%3D,Mazza L20 ft Aitch - New Money (official music video),Mazza_l20,1 month ago,,,,1200000,,
tF1xyXq6G3M&list=RDtF1xyXq6G3M&start_radio=1&pp=ygUOdHJlbmRpbmcgbXVzaWOgBwE%3D,2025 Trending Sinhala Band Nonstop | Viral Songs | Best New Sinhala Songs Collection | Sinhala Songs,Music Update and Thaala Fm,5 days ago,,,,24000,,
iHULOTpI0sw&list=RDiHULOTpI0sw&start_radio=1&pp=ygUOdHJlbmRpbmcgbXVzaWOgBwE%3D,Music Mix 2025 #112 Party Club Dance 2025 | Best Remixes Of Popular Songs 2025 MEGAMIX (DJ Silviu M),Dj Silviu M Official,4 days ago,,,,122000,,
SlOSwow6cn8&list=RDSlOSwow6cn8&start_radio=1&pp=ygUOdHJlbmRpbmcgbXVzaWOgBwE%3D,Rob Deniel ‚Äì Nandito Ako (Cover with Lyrics | Lyric Video) - Best Tagalog Love Songs 2025 - New OPM,Midnight Tears,2 months ago,,,,6000000,,
9Y-b0SNApeA&list=RD9Y-b0SNApeA&start_radio=1&pp=ygUOdHJlbmRpbmcgbXVzaWOgBwE%3D,John Blaq - Mzuri Sana [Official Music Video],John Blaq Music,1 month ago,,,,135000,,
aQiQKB386BU&list=RDaQiQKB386BU&start_radio=1&pp=ygUOdHJlbmRpbmcgbXVzaWOgBwE%3D,Top OPM Hits Philippines 2025 üé∂ September Trending Mix | Best Tagalog Songs on Spotify & YouTube,Midnight Tears,1 month ago,,,,239000,,
R-GxUTK2ezI&list=RDR-GxUTK2ezI&start_radio=1&pp=ygUOdHJlbmRpbmcgbXVzaWOgBwE%3D,August OPM Hits 2025 üé∂ Top Tagalog Love & Hugot Songs Playlist | Viral Spotify & YouTube Trends,Midnight Tears,2 months ago,,,,767000,,
FbE2L15mZf4&list=RDFbE2L15mZf4&start_radio=1&pp=ygUOdHJlbmRpbmcgbXVzaWOgBwE%3D,Pwede Bang - Hev Abi | Best OPM Trending Playlist 2025 | Tagalog Love Songs With Lyrics #opmlyrics,OPM Melody,3 months ago,,,,260000,,
Jg3V3HjdqXI&list=RDJg3V3HjdqXI&start_radio=1&pp=ygUOdHJlbmRpbmcgbXVzaWOgBwE%3D,Marioo & ELEMENT Ele√©eh - Njozi (Official Music Video),MariooOfficial and Element Ele√©eh,9 days ago,,,,1700000,,
Yd8EDpIB1To&list=RDYd8EDpIB1To&start_radio=1&pp=ygUOdHJlbmRpbmcgbXVzaWOgBwE%3D,MAFIA (Official Music Video) | 51 GLORIOUS DAYS | @YoYoHoneySingh | Nargis Fakhri | Bhushan Kumar,T-Series,3 weeks ago,,,,59000000,,
dOhiobo6Xpw&list=RDdOhiobo6Xpw&start_radio=1&pp=ygUOdHJlbmRpbmcgbXVzaWOgBwE%3D,"Pwede Bang - Hev Abi, Kalimutan Ka | Best OPM Trending Playlist 2025- Tagalog Love Songs With Lyrics",Midnight Tears,4 months ago,,,,904000,,
UP_sOofoRic&list=RDUP_sOofoRic&start_radio=1&pp=ygUOdHJlbmRpbmcgbXVzaWOgBwE%3D,Reggae Music Mix 2025 üé∏ New Reggae Love Songs üîî All Time Favorite Reggae Songs 2025,Peaceful Music Hub,6 months ago,,,,3700000,,
mWhjb60MT2Q&list=RDmWhjb60MT2Q&start_radio=1&pp=ygUOdHJlbmRpbmcgbXVzaWOgBwE%3D,"Multo - Cup Of Joe, Tibok - Earl Agustin | Best New Tagalog Love Songs 2025- Hot Hits OPM On Spotify",Midnight Tears,6 months ago,,,,20000000,,
DFNhos5D8uU&list=RDDFNhos5D8uU&start_radio=1&pp=ygUOdHJlbmRpbmcgbXVzaWOgBwE%3D,Hot Hits Philippines - DILAW | Best of Wish 107.5 Songs Playlist | OPM Trending 2025,OPM Wish 2025,8 months ago,,,,2000000,,
tsQjYb8JO1Y&list=RDtsQjYb8JO1Y&start_radio=1&t=826s&pp=ygUOdHJlbmRpbmcgbXVzaWOgBwE%3D,"üî•Amapiano Mix Latest songs 2025 Ft DJ RICKS KENYA, Ciza, Uncle Waffles Ciza, DJ Maphorisa, 3 Step",DJ RICKS KENYA,2 months ago,,,,567000,,
uyXnTFjYM0A&list=RDuyXnTFjYM0A&start_radio=1&pp=ygUOdHJlbmRpbmcgbXVzaWOgBwE%3D,‚ÄúDesi songs that you will love‚Äù üêöüéÄ ||Part. 1||#musi#song#video#edit#xthetic,‚ô°ùêóùê≠ùê°ùêûùê≠ùê¢ùêú ùêÉùê¢ùêØùê¢ùêßùêû‚ô°,3 months ago,,,,7500000,,
vQrJlW5Yz0M&list=RDvQrJlW5Yz0M&start_radio=1&pp=ygUOdHJlbmRpbmcgbXVzaWOgBwE%3D,Shaama Pai Gaiyan (Official Video) : Oye Kunaal | Abeer| New Punjabi Songs 2025 | Punjabi Songs 2025,Finetouch Music,6 days ago,,,,322000,,
VKGBSuQrXtA&list=RDVKGBSuQrXtA&start_radio=1&pp=ygUOdHJlbmRpbmcgbXVzaWOgBwE%3D,New Song 2025 | New Hindi Song | Tere Nain | Ajay Devgn | Rakul Preet Singh | Romantic Song,Music World,3 days ago,,,,299000,,
ybVC-VWnlZA&list=RDybVC-VWnlZA&start_radio=1&pp=ygUOdHJlbmRpbmcgbXVzaWOgBwE%3D,PUKARTA CHLA HU MAI | Slowed +Reverb | Lofi Song #lofi #trending #music,MUSICk_HUB,1 day ago,,,,4000,,
YjOGbR1V5_c&list=RDYjOGbR1V5_c&start_radio=1&pp=ygUOdHJlbmRpbmcgbXVzaWOgBwE%3D,NON STOP INSTAGRAM TRENDING LOVE MASHUP - Part 8 | PLAYLIST BY @lofi2307 | #instatrendingsongs,Lo-fi 2307,9 months ago,,,,10000000,,
hd2mfRvlask&list=RDhd2mfRvlask&start_radio=1&pp=ygUOdHJlbmRpbmcgbXVzaWOgBwE%3D,NEW BUDOTS VIRAL REMIX TIKTOK TRENDING NONSTOP 2025 - DJ EJ REMIX,DJ EJ REMIX,1 month ago,,,,1700000,,
tWzw6THJXNI&list=RDtWzw6THJXNI&start_radio=1&pp=ygUOdHJlbmRpbmcgbXVzaWOgBwE%3D,Embilipitiya Delighted Nonstop Collection 2024 | Trending Songs Collection | ‡∂á‡∂π‡∑í‡∂Ω‡∑í‡∂¥‡∑í‡∂ß‡∑í‡∂∫ ‡∂©‡∑í‡∂Ω‡∂∫‡∑í‡∂ß‡∂©‡∑ä,Trending Music,1 year ago,,,,805000,,
8jhC9xnJGYU&list=RD8jhC9xnJGYU&start_radio=1&pp=ygUOdHJlbmRpbmcgbXVzaWOgBwE%3D,23 min of songs to boost your Aura üî•,Unstoppable Music,6 months ago,,,,20000000,,
g5DABP9b_Vo&list=RDg5DABP9b_Vo&start_radio=1&pp=ygUOdHJlbmRpbmcgbXVzaWOgBwE%3D,Top hits 2025 playlist ~ Trending music 2025 ~ Best songs 2025 updated weekly (Playlist Hits),Melody Chill Mix,7 months ago,,,,2100000,,
Ix_XKlN4akY&list=RDIx_XKlN4akY&start_radio=1&pp=ygUOdHJlbmRpbmcgbXVzaWOgBwHSBwkJBgoBhyohjO8%3D,Trending Songs 2025 ~ Top Spotify Pop Playlist üé∂ | Chill & Viral Songs Collection ‚Äì Best Mix 2025,Dynamic Deep House,2 days ago,,,,26000,,
IlqQRRnqbYQ&list=RDIlqQRRnqbYQ&start_radio=1&pp=ygUOdHJlbmRpbmcgbXVzaWOgBwE%3D,FACEBOOK REM FAMOUS AAKAN || BABLU BASKI & NIKKI || NEW SANTALI MUSIC VIDEO 2025 #bablubaski,SIN NINDA OFFICIAL,20 hours ago,,,,87000,,
tF1xyXq6G3M&list=RDtF1xyXq6G3M&start_radio=1&pp=ygUOdHJlbmRpbmcgbXVzaWOgBwHSBwkJBgoBhyohjO8%3D,2025 Trending Sinhala Band Nonstop | Viral Songs | Best New Sinhala Songs Collection | Sinhala Songs,Music Update and Thaala Fm,5 days ago,,,,24000,,
MzGvZ1zUmUI&list=RDMzGvZ1zUmUI&start_radio=1&pp=ygUOdHJlbmRpbmcgbXVzaWOgBwE%3D,Best Music Mix 2025 üéµ EDM Mix of Popular Songs 2025 üéµ EDM Bass Boosted Music Mix 2025,RPEDM,9 months ago,,,,3200000,,
bonp8-vXQ6Q&list=RDbonp8-vXQ6Q&start_radio=1&pp=ygUOdHJlbmRpbmcgbXVzaWOgBwE%3D,Nelson Tivane ft. Makhadzi & Master KG  - Mama's Baby (New Hit Song) ft. Dr Skaro,Trending Beats Gallery,8 days ago,,,,175000,,
-EmFUAUYQFc&list=RD-EmFUAUYQFc&start_radio=1&pp=ygUOdHJlbmRpbmcgbXVzaWOgBwE%3D,"‚ÄúTOP 10‚Äù Trending Songs in Zimbabwe Of The Week Across All Streaming Platforms, 24 August 2025",zimmusic263,1 month ago,,,,1900,,
FmAZqsZKCa8&pp=ygUOdHJlbmRpbmcgbXVzaWM%3D,New Tiktok Mashup 2025 Philippines Party Music Viral Dance Trends October 14th,Kuya Magik,8 days ago,,,,739000,,
19-GK8VzDy8&list=RD19-GK8VzDy8&start_radio=1&pp=ygUOdHJlbmRpbmcgbXVzaWOgBwE%3D,New TIKTOK VIRAL 2025 | BUDOTS NONSTOP - DJ DARVIN REMIX,DjDarvinRemix,3 months ago,,,,2800000,,
qZYFzNVwC8A&list=RDqZYFzNVwC8A&start_radio=1&pp=ygUOdHJlbmRpbmcgbXVzaWOgBwE%3D,Raffaella Carr√† - PEDRO 'tik tok hit' (SOUND BASS Remix) #pedro #trendingmusic #soundbass,SOUND BASS,1 year ago,,,,20000000,,
cEgmteZ2SLk&list=RDcEgmteZ2SLk&start_radio=1&pp=ygUOdHJlbmRpbmcgbXVzaWOgBwE%3D,Tiktok viral songs 2025 ~ Trending songs 2025 ~ Songs to add your playlist (Mix Hits),Melody Chill Mix,1 month ago,,,,4100,,
Wz5OkPNnjTE&list=RDWz5OkPNnjTE&start_radio=1&pp=ygUOdHJlbmRpbmcgbXVzaWOgBwE%3D,Viral Chill Songs Playlist 2025 üíø | Non-Stop Trending Lofi + Bollywood Mix| Part 4 | LATE NIGHT VIBE,ùêøùíæùìç,2 months ago,,,,2200000,,
lPXoN35BNbQ&list=RDlPXoN35BNbQ&start_radio=1&pp=ygUOdHJlbmRpbmcgbXVzaWOgBwE%3D,Top Hits 2025 Playlist (Lyrics) ~ Trending Music 2025 ~ Best Songs 2025 Updated Weekly #4,WosMuz,3 days ago,,,,422,,
ezDnjysdv1I&list=RDezDnjysdv1I&start_radio=1&pp=ygUOdHJlbmRpbmcgbXVzaWOgBwE%3D,Sajna ( Music Video ): Latest Bollywood New Song Com | Latest Trending Bollywood Songs,Vatsal Bhoya,5 months ago,,,,2800000,,
_dewLBELc84&list=RD_dewLBELc84&start_radio=1&pp=ygUOdHJlbmRpbmcgbXVzaWOgBwE%3D,üåü Best OPM Hits August 2025 üéß Top Tagalog Hugot & Love Songs | Viral Spotify & YouTube Trends üî•,Midnight Tears,3 weeks ago,,,,264000,,
VgeJrXbYBkw&list=RDVgeJrXbYBkw&start_radio=1&pp=ygUOdHJlbmRpbmcgbXVzaWOgBwE%3D,Thayi Jasu Animal (Audio) I Ravi Khoraj I New Gujarati attitude Song,T-Series Gujarati,1 year ago,,,,5000000,,
9OX6d_S39Us&list=RD9OX6d_S39Us&start_radio=1&pp=ygUOdHJlbmRpbmcgbXVzaWOgBwE%3D,Music Mix 2025 #110 Party Club Dance 2025 | Best Remixes Of Popular Songs 2025 MEGAMIX (DJ Silviu M),Dj Silviu M Official,8 days ago,,,,128000,,
MYr6zbC9ZKk&list=RDMYr6zbC9ZKk&start_radio=1&pp=ygUOdHJlbmRpbmcgbXVzaWOgBwE%3D,TUN TUNIYU BANKO 2.0 || TRENDING MUSIC ROHIT THAKOR 2025 || BANKO SPECIAL DJ REMIX ll #rohitthakor,SHIV STUDIO - SHERTHA,2 months ago,,,,256000,,
BHat4kQUd0o&list=RDBHat4kQUd0o&start_radio=1&pp=ygUOdHJlbmRpbmcgbXVzaWOgBwE%3D,2025 Trending Band Nonstop |( ‡∂ß‡∑ä‚Äç‡∂ª‡∑ô‡∂±‡∑ä‡∂©‡∑í‡∂±‡∑ä ‡∑É‡∑í‡∂Ç‡∂Ø‡∑î ‡∂ë‡∂ö‡∂≠‡∑î‡∑Ä )| Live Nonstop | New Trending Nonstop 2025,Trending Music,5 months ago,,,,1100000,,
DAcjV60RnRw&pp=ygUOdHJlbmRpbmcgbXVzaWM%3D,Will We Ever Run Out of New Music?,Vsauce,12 years ago,,,,16000000,,
jijmXv12zK8&list=RDjijmXv12zK8&start_radio=1&pp=ygUOdHJlbmRpbmcgbXVzaWOgBwHSBwkJBgoBhyohjO8%3D,AMAPIANO MIX 2025 | BEST AMAPIANO TRENDING SONGS 2025 MIX| DJ WYTEE | VINTE SA | MALUMTOM,DJ WYTEE,1 month ago,,,,160000,,
hGOBIaGWoPk&list=RDhGOBIaGWoPk&start_radio=1&pp=ygUOdHJlbmRpbmcgbXVzaWOgBwE%3D,"ISHQ (lyrics) | Faheem Abdullah, Rauhan Malik | #trending",Tauro Vibes,1 year ago,,,,18000000,,
bBLMwnnTVO8&list=RDbBLMwnnTVO8&start_radio=1&pp=ygUOdHJlbmRpbmcgbXVzaWOgBwE%3D,2025 Best Of Live On Wish 107.5 BusüéßTop Trending Tagalog Songs Playlist 2025,OPM Wish 2025,9 months ago,,,,7900000,,
XMWEyN_sMG4&list=RDXMWEyN_sMG4&start_radio=1&pp=ygUOdHJlbmRpbmcgbXVzaWOgBwE%3D,Tipsy Gee - NGANYA Ft. Parroty Vunulu ( Official Music Video ),Tipsy Gee,5 months ago,,,,852000,,
zP5lG2utoT4&list=RDzP5lG2utoT4&start_radio=1&pp=ygUOdHJlbmRpbmcgbXVzaWOgBwE%3D,üé∂ Best OPM Songs 2025 üíñ September Hot Hits Philippines | Trending Tagalog Love Playlist üåü #maki,Midnight Tears,1 month ago,,,,234000,,
Uri6BZMt2hw&list=RDUri6BZMt2hw&start_radio=1&pp=ygUOdHJlbmRpbmcgbXVzaWOgBwE%3D,Trending dj nonstop 2025 | New - sinhala songs dj remix 2025 | Bass boosted | Party dance dj remix,Manuka  Music,8 days ago,,,,75000,,
uexN9gs5gvM&list=RDuexN9gs5gvM&start_radio=1&pp=ygUOdHJlbmRpbmcgbXVzaWOgBwHSBwkJBgoBhyohjO8%3D,Dei V x Myke Towers - Trending Remix (Official Video),Dei V,2 years ago,,,,51000000,,
FbE2L15mZf4&list=RDFbE2L15mZf4&start_radio=1&pp=ygUOdHJlbmRpbmcgbXVzaWOgBwHSBwkJBgoBhyohjO8%3D,Pwede Bang - Hev Abi | Best OPM Trending Playlist 2025 | Tagalog Love Songs With Lyrics #opmlyrics,OPM Melody,3 months ago,,,,260000,,
q6flq3MNye0&list=RDq6flq3MNye0&start_radio=1&pp=ygUOdHJlbmRpbmcgbXVzaWOgBwE%3D,Top Marathi Dj Songs - Trending Dj Song Nonstop 2025 - ‡§®‡•â‡§®‡§∏‡•ç‡§ü‡•â‡§™ ‡§°‡•Ä‡§ú‡•á ‡§ó‡§æ‡§£‡•Ä ‡§Æ‡§∞‡§æ‡§†‡•Ä Old Hindi Dj Song,Dj KDM,8 days ago,,,,203000,,
pbgQc_6HCNE&list=RDpbgQc_6HCNE&start_radio=1&pp=ygUOdHJlbmRpbmcgbXVzaWOgBwE%3D,Viral Chill Songs Playlist 2025 üíø | Non-Stop Trending Lofi + Bollywood Mix | Part 3,ùêøùíæùìç,2 months ago,,,,2100000,,
umhy2wCNDWk&list=RDumhy2wCNDWk&start_radio=1&pp=ygUOdHJlbmRpbmcgbXVzaWOgBwHSBwkJBgoBhyohjO8%3D,My Day - HELLMERRY | Top Hits OPM On Spotify 2025 - OPM Trending - Tagalog Love Songs Playlist,Midnight Tears,5 months ago,,,,747000,,
r--So1ZbSXM&list=RDr--So1ZbSXM&start_radio=1&pp=ygUOdHJlbmRpbmcgbXVzaWOgBwE%3D,Trending Dj Nonstop 2025 | New - Sinhala Songs Dj Remix 2025 | Bass boosted | Party dance dj Remix üî•,Nc BEATS,2 days ago,,,,12000,,
BvVoDgXVips&list=RDBvVoDgXVips&start_radio=1&pp=ygUOdHJlbmRpbmcgbXVzaWOgBwHSBwkJBgoBhyohjO8%3D,üí•New nonstop SUPER Disco remix viral Discoremix 2025 2026 HARDTEK remixüí•,nosXirTV,1 month ago,,,,1800000,,
ltLDDpWZhWk&list=RDltLDDpWZhWk&start_radio=1&pp=ygUOdHJlbmRpbmcgbXVzaWOgBwE%3D,That Perfect Girl | Trending English Song 2025 (Lyrics) || New Love Songs Playlist,Pop Tunes,2 days ago,,,,568,,
hhAvdk-wpd8&list=RDhhAvdk-wpd8&start_radio=1&pp=ygUOdHJlbmRpbmcgbXVzaWOgBwE%3D,Dharti Solanki-‡™ù‡™æ‡™Ç‡™ù‡™∞‡´Ä‡™Ø‡™æ ‡™ü‡´ç‡™∞‡´á‡™®‡´ç‡™°‡´Ä‡™Ç‡™ó ‡™∞‡™ø‡™ß‡™Æ-Janjariya New Trending Rhythm-Live Garba Program Non Stop,Gayatri Studio Mansa,1 year ago,,,,4600000,,
_RecTx7AlGc&pp=ygUOdHJlbmRpbmcgbXVzaWM%3D,Top hits 2025 playlist ~ Trending music 2025 ~ Best songs 2025 updated weekly (Playlist Hits),Music Hunter,6 hours ago,,,,0,,
F2sxI8rZa4s&list=RDF2sxI8rZa4s&start_radio=1&pp=ygUOdHJlbmRpbmcgbXVzaWOgBwHSBwkJBgoBhyohjO8%3D,"#Jahar bhaiya | Aaish Paish - Me Ho Gaav Pyar | New Love Song | Jahar Bhaiya, Khushi",Jahar bhaiya,7 days ago,,,,383000,,
HOTA66O4zRQ&list=RDHOTA66O4zRQ&start_radio=1&pp=ygUOdHJlbmRpbmcgbXVzaWOgBwE%3D,üé∂ Top Trending Songs of 2025 | Must-Listen Hits! üéµ,Vibe Vibes,3 weeks ago,,,,29,,
RITkztyueds&list=RDRITkztyueds&start_radio=1&pp=ygUOdHJlbmRpbmcgbXVzaWOgBwE%3D,Trending music 2025  ~ Tiktok trending songs ~ Best songs 2025 playlist (Mix Hits Spotify),Melody Chill Mix,3 months ago,,,,4900,,
dNekknhxqtQ&list=RDdNekknhxqtQ&start_radio=1&pp=ygUOdHJlbmRpbmcgbXVzaWOgBwE%3D,Top Hits 2025 Playlist (Lyrics) ~ Trending Music 2025 ~ Best Songs 2025 Updated Weekly #3,WosMuz,4 days ago,,,,11,,
Ix_XKlN4akY&list=RDIx_XKlN4akY&start_radio=1&pp=ygUOdHJlbmRpbmcgbXVzaWOgBwE%3D,Trending Songs 2025 ~ Top Spotify Pop Playlist üé∂ | Chill & Viral Songs Collection ‚Äì Best Mix 2025,Dynamic Deep House,2 days ago,,,,26000,,
kcQC0VuxtDg&list=RDkcQC0VuxtDg&start_radio=1&pp=ygUOdHJlbmRpbmcgbXVzaWOgBwE%3D,Just feel the songs üôåüèªüéÄ | Non stop treanding songs Playlist ( part - 1 ) | @Khushbu_1723,Khushbu,5 months ago,,,,3900000,,
IQmgLOOPffU&list=RDIQmgLOOPffU&start_radio=1&pp=ygUOdHJlbmRpbmcgbXVzaWOgBwE%3D,Turkish remix Song | TikTok trending songs | Use headphones üéßüó£Ô∏è | Bass Boosted Song,Black Music,1 year ago,,,,2000000,,
sufS6d-BXsw&pp=ygUOdHJlbmRpbmcgbXVzaWPSBwkJBgoBhyohjO8%3D,New Tiktok Mashup 2025 Philippines Party Music Viral Dance Trends October 18th,Kuya Magik,4 days ago,,,,527000,,
8jhC9xnJGYU&list=RD8jhC9xnJGYU&start_radio=1&pp=ygUOdHJlbmRpbmcgbXVzaWOgBwHSBwkJBgoBhyohjO8%3D,23 min of songs to boost your Aura üî•,Unstoppable Music,6 months ago,,,,20000000,,
6StIp8qXYJ8&list=RD6StIp8qXYJ8&start_radio=1&pp=ygUOdHJlbmRpbmcgbXVzaWOgBwHSBwkJBgoBhyohjO8%3D,New Song 2025 | New Hindi Song | Tere Khatir Ishq Mera | Kartik Aaryan | Kriti Sanon | Romantic Song,Music World,1 month ago,,,,1600000,,
LRjjjZBDoRI&list=RDLRjjjZBDoRI&start_radio=1&pp=ygUOdHJlbmRpbmcgbXVzaWOgBwHSBwkJBgoBhyohjO8%3D,Aalu Matar | Diler Kharkiya | Anjali Raghav | New Haryanvi Trending Song 2025,SKY RAJ YADAV,2 days ago,,,,195000,,
wBjLuzkwGfs&list=RDwBjLuzkwGfs&start_radio=1&pp=ygUOdHJlbmRpbmcgbXVzaWOgBwE%3D,Best Ringtone 2025 Hindi Ringtone New Song Ringtone Mobile Phone Ringtone Love Ringtone New Ringtone,Sayyed Ismail,3 days ago,,,,254000,,
4GcLWywzQXY&list=RD4GcLWywzQXY&start_radio=1&pp=ygUOdHJlbmRpbmcgbXVzaWOgBwE%3D,Yes Yes Go to School Song - ChuChu TV Baby Nursery Rhymes & Kids Songs Baby Taku‚Äôs World  #BabyTaku,ChuChu TV Nursery Rhymes & Kids Songs,6 years ago,,,,1200000000,,
Zl9SkZQL6F0&list=RDZl9SkZQL6F0&start_radio=1&pp=ygUOdHJlbmRpbmcgbXVzaWOgBwE%3D,Top Trending Songs On Youtube Shorts 2025 MARCH!,Current Chart!,6 months ago,,,,16000,,
qIdxtrVb0Lw&list=RDqIdxtrVb0Lw&start_radio=1&pp=ygUOdHJlbmRpbmcgbXVzaWOgBwE%3D,New Barbie Ballet Song! ü©∞ Barbie SINGS In A Magical Flower Forest! Official Music Video!,Barbie,2 years ago,,,,2400000,,
aZxS02drHyk&list=RDaZxS02drHyk&start_radio=1&pp=ygUOdHJlbmRpbmcgbXVzaWOgBwE%3D,üéß Trending Songs 2025 Mix ‚Äì Pop & Rap Hits Compilation,tynix cx,2 weeks ago,,,,124,,
ZGNjI5v8Lu4&list=RDZGNjI5v8Lu4&start_radio=1&pp=ygUOdHJlbmRpbmcgbXVzaWOgBwE%3D,Viral songs latest ~ Top Songs Spotify 2025 - Trending Tiktok songs 2025 (Playlist Mix Hits),Melody Chill Mix,5 months ago,,,,16000,,
CRNReSOxASY&list=RDCRNReSOxASY&start_radio=1&pp=ygUOdHJlbmRpbmcgbXVzaWOgBwE%3D,"Ennile Ennile - Video Song | Trending | Kalaiyarasan, Priyalaya | Sam C.S. | Sathyaprakash",Saregama Tamil,3 months ago,,,,30000,,
vPxAGh4blbA&list=RDvPxAGh4blbA&start_radio=1&pp=ygUOdHJlbmRpbmcgbXVzaWOgBwE%3D,Viral Music 2025 | Top Hits & Trending Playlist,HyperSound,8 months ago,,,,27000,,
I7m8M-aq0Ck&list=RDI7m8M-aq0Ck&start_radio=1&pp=ygUOdHJlbmRpbmcgbXVzaWOgBwE%3D,Happy Diwali Song 2025 | Deepawali Ka Dhamaka DJ Remix | New Diwali DJ Song 2025 | Diwali Song DJ...,Rinku Shayar official,6 days ago,,,,308000,,
qegSEizWL24&list=RDqegSEizWL24&start_radio=1&pp=ygUOdHJlbmRpbmcgbXVzaWOgBwHSBwkJBgoBhyohjO8%3D,NIKOLIJA X BIBA - MDMA (OFFICIAL VIDEO),MADE IN BLKN,1 month ago,,,,7800000,,
fwDtYR2HAHs&list=RDfwDtYR2HAHs&start_radio=1&pp=ygUOdHJlbmRpbmcgbXVzaWOgBwE%3D,Top Trending Songs On Youtube Shorts - 2025 AUGUST!,Current Chart!,1 month ago,,,,7800,,
AIIj0mBX1jU&list=RDAIIj0mBX1jU&start_radio=1&pp=ygUOdHJlbmRpbmcgbXVzaWOgBwE%3D,Humpty Dumpty Nursery Rhyme -  Learn From Your Mistakes!,ChuChu TV Nursery Rhymes & Kids Songs,11 years ago,,,,836000000,,
dduOP1D4Vxg&list=RDdduOP1D4Vxg&start_radio=1&pp=ygUOdHJlbmRpbmcgbXVzaWOgBwE%3D,Good Morning Song | An Original Song by Gracie‚Äôs Corner | Kids Songs + Nursery Rhymes,Gracie's Corner,3 years ago,,,,67000000,,
cYCn-sfHLkw&list=RDcYCn-sfHLkw&start_radio=1&pp=ygUOdHJlbmRpbmcgbXVzaWOgBwE%3D,Instagram Trending Music,VISHAL YOGIRAJ OFFICIAL,,,,,270000,,
ezDnjysdv1I&list=RDezDnjysdv1I&start_radio=1&pp=ygUOdHJlbmRpbmcgbXVzaWOgBwHSBwkJBgoBhyohjO8%3D,Sajna ( Music Video ): Latest Bollywood New Song Com | Latest Trending Bollywood Songs,Vatsal Bhoya,5 months ago,,,,2800000,,
zPiNoG3Q-SA&pp=ygUOdHJlbmRpbmcgbXVzaWM%3D,Reels Trending Singari Song 3D lyrical Video Editing in Alight motion trending Reels Singari Song,RCF Creations Guruji,1 day ago,,,,7300,,
PUiWajjWqG0&list=RDPUiWajjWqG0&start_radio=1&pp=ygUOdHJlbmRpbmcgbXVzaWOgBwE%3D,Hot Hits Philippines 2025 JULY MIX üé∂ OPM Trending Music 2025 | Top Spotify Songs 2025 Philippines,OPM Sounds,3 months ago,,,,3300000,,
19-GK8VzDy8&list=RD19-GK8VzDy8&start_radio=1&pp=ygUOdHJlbmRpbmcgbXVzaWOgBwHSBwkJBgoBhyohjO8%3D,New TIKTOK VIRAL 2025 | BUDOTS NONSTOP - DJ DARVIN REMIX,DjDarvinRemix,3 months ago,,,,2800000,,
Rz6Jx83IQcE&list=RDRz6Jx83IQcE&start_radio=1&pp=ygUOdHJlbmRpbmcgbXVzaWOgBwE%3D,UDJAA KAALE KAAWA | Slowed +Reverb | Lofi Song #lofi #trending #music,Itz Brothers Music,2 days ago,,,,3500,,
BIoA0_4JDOs&list=RDBIoA0_4JDOs&start_radio=1&pp=ygUOdHJlbmRpbmcgbXVzaWOgBwE%3D,|| DHARTI SOLNKI ||  VAH SARKARI NEW TRENDING RIDHAM || #dhartisolanki #trendingsong  #vairalvideo,DIPAK DABHI OFFICIAL PATO,1 year ago,,,,2100000,,
QfjJF-njU6U&list=RDQfjJF-njU6U&start_radio=1&pp=ygUOdHJlbmRpbmcgbXVzaWOgBwE%3D,MUBARAK HO TUMKO | Slowed +Reverb | Lofi Song #lofi #trending #music,Music_world,1 day ago,,,,1600,,
nQz9jJ2mb70&list=RDnQz9jJ2mb70&start_radio=1&pp=ygUOdHJlbmRpbmcgbXVzaWOgBwE%3D,DJ SONG 2025 - Remixes & Mashups of Popular Songs 2025 | DJ Remix Club Music Disco DJ Mix 2024,Valentino Sirolli,5 days ago,,,,111000,,
Bxe9arR1GDs&pp=ygUOdHJlbmRpbmcgbXVzaWM%3D,Millennial Watches New Music | Too Old For Youtube Music Charts,Too Old For This,1 day ago,,,,4500,,
MYr6zbC9ZKk&list=RDMYr6zbC9ZKk&start_radio=1&pp=ygUOdHJlbmRpbmcgbXVzaWOgBwHSBwkJBgoBhyohjO8%3D,TUN TUNIYU BANKO 2.0 || TRENDING MUSIC ROHIT THAKOR 2025 || BANKO SPECIAL DJ REMIX ll #rohitthakor,SHIV STUDIO - SHERTHA,2 months ago,,,,256000,,
otZruDAIZGQ&list=RDotZruDAIZGQ&start_radio=1&pp=ygUOdHJlbmRpbmcgbXVzaWOgBwE%3D,Trending songs 2024üòö | Tamil latest Hit songs 2024‚ú® | New tamil songsüòç | Tamil new songs 2024üî•,Trendy Tunesüé∂,9 months ago,,,,2800000,,
YhTFy9adTKE&list=RDYhTFy9adTKE&start_radio=1&pp=ygUOdHJlbmRpbmcgbXVzaWOgBwHSBwkJBgoBhyohjO8%3D,45MIN‚ö°TOP PHONK MUSIC 2025‚ö°TRENDING PHONK HITS,BiYVoS,11 days ago,,,,429000,,
Ce7_BIVUipg&list=RDCe7_BIVUipg&start_radio=1&pp=ygUOdHJlbmRpbmcgbXVzaWOgBwE%3D,KHOYA KHOYA CHAAND | Slowed +Reverb | Lofi Song #lofi #trending #music,ISLAND_MUSIC,1 day ago,,,,802,,
hslI6KnVNmg&list=RDhslI6KnVNmg&start_radio=1&pp=ygUOdHJlbmRpbmcgbXVzaWOgBwE%3D,||DHARTI SOLANKI TRENDING SONG 2024||DK STUDIO UVARSAD DHARTI SOLANKI NEW SONG 2024||,DK Studio Uvarsad,1 year ago,,,,6600000,,
GPvadsWIo1g&list=RDGPvadsWIo1g&start_radio=1&pp=ygUOdHJlbmRpbmcgbXVzaWOgBwE%3D,Viral songs latest ~ Trending music 2025 ~ Best songs 2025 updated weekly (Playlist Hits),Melody Chill Mix,7 months ago,,,,148000,,
btw_aqPDZJg&list=RDbtw_aqPDZJg&start_radio=1&pp=ygUOdHJlbmRpbmcgbXVzaWOgBwE%3D,PARDESI PARDESI JAANA NHI | Slowed +Reverb | Lofi Song #lofi #trending #music,Itz Brothers Music,2 days ago,,,,642,,
Lrbs0r0WeAs&list=RDLrbs0r0WeAs&start_radio=1&pp=ygUOdHJlbmRpbmcgbXVzaWOgBwHSBwkJBgoBhyohjO8%3D,SATRANGA | Slowed +Reverb | Lofi Song #lofi #trending #music,Music_world,2 days ago,,,,1100,,
JtTHGTmjOH8&list=RDJtTHGTmjOH8&start_radio=1&pp=ygUOdHJlbmRpbmcgbXVzaWOgBwE%3D,South Central SS 38st | BopDaGlok Ft. TB Ceno ‚ÄúTrenches‚Äù (Music Video) #trending #viral ,RichardDummy,1 day ago,,,,2800,,
fq2ne7Lb4VU&list=RDfq2ne7Lb4VU&start_radio=1&pp=ygUOdHJlbmRpbmcgbXVzaWOgBwE%3D,Top Viral Songs Latest ~ Trending Music On TikTok 2025 ~ Top 20 Hits Music Playlist 2025 ~,CHILL WITH ME,5 days ago,,,,1600,,
0LyolG5TATA&pp=ygUOdHJlbmRpbmcgbXVzaWM%3D,Best Ringtone 2025 Hindi Ringtone New Song Ringtone Mobile Phone Ringtone Love Ringtone New Ringtone,Sayyed Ismail,2 days ago,,,,43000,,
eCN9_eMoJ_Q&list=RDeCN9_eMoJ_Q&start_radio=1&pp=ygUOdHJlbmRpbmcgbXVzaWOgBwE%3D,Modve Bethi Chakli-Dharti Solanki-Live Garba Program 2023 Non Stop-New Latest Gujarati Trending Song,Gayatri Studio Mansa,2 years ago,,,,12000000,,
hIA1j7iupyI&list=RDhIA1j7iupyI&start_radio=1&pp=ygUOdHJlbmRpbmcgbXVzaWOgBwE%3D,TUN TUNIYU TRENDING MUSIC ROHIT THAKOR || 2025 BAPJI SOUND || EKLA PADYA ROHIT THAKOR SONG LIVE,SHIV STUDIO - SHERTHA,3 months ago,,,,116000,,
jK6bGmKN494&list=RDjK6bGmKN494&start_radio=1&pp=ygUOdHJlbmRpbmcgbXVzaWOgBwE%3D,MERE DIL KE CHAIN || NEW HINDI SONG || 2025  #trending #music,Worldtunenest_Music,1 day ago,,,,774,,
ozmROmafgGc&list=RDozmROmafgGc&start_radio=1&pp=ygUOdHJlbmRpbmcgbXVzaWOgBwE%3D,‚ÄãDogo paten X Montana bayser  - Utateseka (Visualiser) #dogopaten #singelikali #trending #music ,MONTANA BAYSER,3 days ago,,,,2700,,
qZyMt2XtXpY&list=RDqZyMt2XtXpY&start_radio=1&pp=ygUOdHJlbmRpbmcgbXVzaWOgBwE%3D,ROBLOX Trending Music Codes/ID(S) *STILL WORKING* [October 2025],ambiti0n,4 days ago,,,,1200,,
5vxFm1Mgd7E&list=RD5vxFm1Mgd7E&start_radio=1&pp=ygUOdHJlbmRpbmcgbXVzaWOgBwE%3D,NEW TRENDING RIDHAM ‡™ù‡™æ‡™Ç‡™ù‡™∞‡´Ä‡™Ø‡™æ SONG | ROHIT THAKOR | TRENDING RIDHAM MUSIC GUJARATI | GUJARATI RIDHAM,KARAN RAVAL OFFICIAL,1 year ago,,,,2100000,,
G-TLxqk9H98&list=RDG-TLxqk9H98&start_radio=1&pp=ygUOdHJlbmRpbmcgbXVzaWOgBwE%3D,Top Songs 2025 ~ Chill Playlist 2025 ~ Top Songs 2025 Trending Music üé∂üéß,Viral Songs,5 days ago,,,,47,,
zhvCV9ZS4S4&list=RDzhvCV9ZS4S4&start_radio=1&pp=ygUOdHJlbmRpbmcgbXVzaWOgBwHSBwkJBgoBhyohjO8%3D,Playsit Top Hits Global 2025 Spotify | Viral & Trending Songs Worldwide,Nova Verse,3 weeks ago,,,,35,,
GycEyiL0j_Y&pp=ygUOdHJlbmRpbmcgbXVzaWM%3D,2025 trending music that melts when you hear it üòçüå∏#Music#trend,‚òÖÿßŸÑÿ±ÿ≥ÿßŸÖŸá ÿ≤ŸäŸÜÿ®‚òÖ,2 days ago,,,,27,,
c1U7bZ4dRSo&list=RDc1U7bZ4dRSo&start_radio=1&pp=ygUOdHJlbmRpbmcgbXVzaWOgBwE%3D,CHAHUNGA MAI TUJE | Slowed +Reverb | Lofi Song #lofi #trending #music,MUSICk_HUB,2 days ago,,,,1300,,
mcESHGEAoE4&list=RDmcESHGEAoE4&start_radio=1&pp=ygUOdHJlbmRpbmcgbXVzaWOgBwE%3D,Top Spotify Pop Hits | Viral Songs 2025 | Best New Songs & Trending Playlist 2025,Pop Wave Mix,6 days ago,,,,0,,
a6XYcbXPTrw&list=RDa6XYcbXPTrw&start_radio=1&pp=ygUOdHJlbmRpbmcgbXVzaWOgBwE%3D,BANKO AAYO NEW TRENDING SONG ROHIT THAKOR 2025 || AAYO MARO VAG AAYO #bapji #dj #rohitthakor,Bapji Live Dj 1133,7 months ago,,,,4300000,,
KTb532e4On0&list=RDKTb532e4On0&start_radio=1&pp=ygUOdHJlbmRpbmcgbXVzaWOgBwE%3D,Top Music Playlist #1 Viral Remix (2025) :Trend Music | –ú—É–∑–∏–∫–∞ –í –ú–∞—à–∏–Ω—É | Shazam Top,Mohib Beats,6 months ago,,,,7000000,,
xHo1WF56SV8&list=RDxHo1WF56SV8&start_radio=1&pp=ygUOdHJlbmRpbmcgbXVzaWOgBwE%3D,Trending USA Trending Songs 2025 üé∂ | Viral on YouTube üî• | Top 20 Hits,Top Hits Vibes,3 weeks ago,,,,92,,
sHqNNQEwvks&list=RDsHqNNQEwvks&start_radio=1&pp=ygUOdHJlbmRpbmcgbXVzaWOgBwE%3D,Spotify Hits 2025 üéµ Trending Pop Songs 2025,Spotify on Screen,3 months ago,,,,155,,
3HeFoW7__IE&list=RD3HeFoW7__IE&start_radio=1&pp=ygUOdHJlbmRpbmcgbXVzaWOgBwE%3D,Top Spotify Pop Hits ~Trending Songs 2025 ~ Best New Viral Songs & Playlist 2025,Emang Tahu,2 days ago,,,,0,,
